bowler,runs_conceded,balls,wickets,overs,economy
YS Chahal,4681,3628,205.0,604.6666666666666,7.741455347298787
PP Chawla,5179,3895,192.0,649.1666666666666,7.977920410783056
DJ Bravo,4436,3296,183.0,549.3333333333334,8.075242718446601
B Kumar,5051,4060,181.0,676.6666666666666,7.464532019704434
SP Narine,4672,4146,180.0,691.0,6.7612156295224315
R Ashwin,5435,4679,180.0,779.8333333333334,6.969437914084206
A Mishra,4193,3444,174.0,574.0,7.304878048780488
SL Malinga,3486,2974,170.0,495.6666666666667,7.032952252858103
JJ Bumrah,3840,3185,168.0,530.8333333333334,7.233908948194662
RA Jadeja,4917,3895,160.0,649.1666666666666,7.5743260590500645
Harbhajan Singh,4101,3496,150.0,582.6666666666666,7.0383295194508015
Rashid Khan,3340,2901,149.0,483.5,6.907962771458118
UT Yadav,4442,3190,144.0,531.6666666666666,8.354858934169279
Sandeep Sharma,3758,2925,137.0,487.5,7.708717948717949
HV Patel,3215,2284,135.0,380.6666666666667,8.44570928196147
MM Sharma,3278,2308,132.0,384.6666666666667,8.52166377816291
Mohammed Shami,3486,2521,127.0,420.1666666666667,8.296707655692185
AR Patel,3824,3152,123.0,525.3333333333334,7.279187817258883
TA Boult,3286,2428,121.0,404.6666666666667,8.120263591433279
K Rabada,2652,1907,120.0,317.8333333333333,8.34399580492921
AD Russell,2691,1771,115.0,295.1666666666667,9.116883116883116
A Nehra,2537,1974,106.0,329.0,7.711246200607903
R Vinay Kumar,3041,2186,105.0,364.3333333333333,8.346752058554438
Z Khan,2860,2276,102.0,379.3333333333333,7.539543057996485
JD Unadkat,3219,2194,99.0,365.6666666666667,8.803099361896079
DW Steyn,2583,2282,97.0,380.3333333333333,6.791411042944786
CH Morris,2377,1801,96.0,300.1666666666667,7.91893392559689
SN Thakur,2908,1979,94.0,329.8333333333333,8.816574027286508
Mohammed Siraj,2894,2081,93.0,346.8333333333333,8.34406535319558
SR Watson,2742,2137,92.0,356.1666666666667,7.698642957416939
I Sharma,3255,2429,92.0,404.8333333333333,8.04034582132565
P Kumar,3342,2637,90.0,439.5,7.604095563139932
RP Singh,2417,1874,90.0,312.3333333333333,7.738527214514408
PP Ojha,2399,1945,89.0,324.1666666666667,7.40051413881748
Kuldeep Yadav,2413,1786,87.0,297.6666666666667,8.106382978723405
DS Kulkarni,2513,1876,86.0,312.6666666666667,8.03731343283582
JA Morkel,2409,1807,85.0,301.1666666666667,7.998893193137797
CV Varun,2042,1624,83.0,270.6666666666667,7.544334975369457
Imran Tahir,1729,1340,82.0,223.33333333333334,7.741791044776119
IK Pathan,2711,2113,80.0,352.1666666666667,7.698059630856601
M Morkel,2136,1699,77.0,283.1666666666667,7.543260741612713
DL Chahar,2243,1746,77.0,291.0,7.707903780068729
KH Pandya,2644,2183,76.0,363.8333333333333,7.267063673843335
L Balaji,2083,1574,76.0,262.3333333333333,7.940279542566709
KV Sharma,2130,1520,76.0,253.33333333333334,8.407894736842104
Arshdeep Singh,2097,1453,76.0,242.16666666666666,8.659325533379215
RD Chahar,2165,1697,75.0,282.8333333333333,7.65468473777254
Avesh Khan,2010,1390,75.0,231.66666666666666,8.676258992805757
MM Patel,1733,1382,74.0,230.33333333333334,7.523878437047757
KK Ahmed,1918,1345,74.0,224.16666666666666,8.556133828996282
R Bhatia,2059,1661,71.0,276.8333333333333,7.437688139674895
MJ McClenaghan,1839,1346,71.0,224.33333333333334,8.197622585438335
AB Dinda,2103,1589,69.0,264.8333333333333,7.940843297671492
KA Pollard,2200,1586,69.0,264.3333333333333,8.32282471626734
T Natarajan,2001,1401,67.0,233.5,8.569593147751606
SK Trivedi,1944,1557,65.0,259.5,7.491329479768786
JH Kallis,2348,1799,65.0,299.8333333333333,7.8310172317954425
M Muralitharan,1765,1581,64.0,263.5,6.698292220113852
HH Pandya,2196,1485,64.0,247.5,8.872727272727273
Shakib Al Hasan,1864,1515,63.0,252.5,7.3821782178217825
Ravi Bishnoi,1861,1460,63.0,243.33333333333334,7.647945205479452
PJ Cummins,1976,1370,63.0,228.33333333333334,8.654014598540146
MG Johnson,1740,1301,62.0,216.83333333333334,8.024596464258263
Mustafizur Rahman,1792,1353,61.0,225.5,7.946784922394679
JP Faulkner,1849,1287,61.0,214.5,8.62004662004662
A Nortje,1614,1097,60.0,182.83333333333334,8.82771194165907
S Kaul,1772,1238,58.0,206.33333333333334,8.588045234248789
SM Curran,1924,1234,58.0,205.66666666666666,9.354943273905997
SK Warne,1465,1223,57.0,203.83333333333334,7.187244480784955
JO Holder,1489,1049,53.0,174.83333333333334,8.516682554814109
S Gopal,1358,1000,52.0,166.66666666666666,8.148
MA Starc,1175,879,51.0,146.5,8.020477815699659
M Prasidh Krishna,1741,1231,50.0,205.16666666666666,8.48578391551584
JC Archer,1210,987,48.0,164.5,7.355623100303951
S Nadeem,1800,1444,48.0,240.66666666666666,7.4792243767313025
NM Coulter-Nile,1125,892,48.0,148.66666666666666,7.567264573991032
LH Ferguson,1451,1002,48.0,167.0,8.688622754491018
SB Jakati,1474,1101,47.0,183.5,8.032697547683924
TG Southee,1774,1262,47.0,210.33333333333334,8.434231378763867
A Kumble,1089,983,45.0,163.83333333333334,6.646998982706002
RJ Harris,1085,865,45.0,144.16666666666666,7.526011560693642
S Aravind,1057,788,45.0,131.33333333333334,8.048223350253807
VR Aaron,1527,1065,44.0,177.5,8.60281690140845
MP Stoinis,1300,831,43.0,138.5,9.386281588447654
YK Pathan,1443,1184,42.0,197.33333333333334,7.3125
MC Henriques,1302,979,42.0,163.16666666666666,7.9795709908069465
AJ Tye,1005,714,42.0,119.0,8.445378151260504
TU Deshpande,1275,831,42.0,138.5,9.205776173285198
R Sharma,1100,935,40.0,155.83333333333334,7.0588235294117645
Iqbal Abdulla,1125,943,40.0,157.16666666666666,7.158006362672323
S Sreesanth,1221,947,40.0,157.83333333333334,7.736008447729672
P Awana,1046,774,39.0,129.0,8.108527131782946
DT Christian,1218,922,38.0,153.66666666666666,7.926247288503254
PJ Sangwan,1267,905,38.0,150.83333333333334,8.4
DE Bollinger,716,600,37.0,100.0,7.16
Washington Sundar,1335,1064,37.0,177.33333333333334,7.5281954887218046
MR Marsh,803,593,37.0,98.83333333333333,8.1247892074199
GJ Maxwell,1311,965,37.0,160.83333333333334,8.151295336787564
MS Gony,1317,925,37.0,154.16666666666666,8.542702702702703
M Markande,1081,737,37.0,122.83333333333333,8.800542740841248
Yuvraj Singh,1091,882,36.0,147.0,7.421768707482993
MM Ali,900,770,35.0,128.33333333333334,7.012987012987012
WD Parnell,968,758,35.0,126.33333333333333,7.6622691292875995
M Ashwin,1182,898,35.0,149.66666666666666,7.8975501113585755
JR Hazlewood,830,622,35.0,103.66666666666667,8.006430868167202
PWH de Silva,758,557,35.0,92.83333333333333,8.165170556552964
M Pathirana,617,503,34.0,83.83333333333333,7.359840954274354
P Negi,954,733,34.0,122.16666666666667,7.80900409276944
KK Cooper,789,600,33.0,100.0,7.89
R Tewatia,1117,866,32.0,144.33333333333334,7.739030023094688
M Kartik,1418,1182,31.0,197.0,7.197969543147208
NLTC Perera,1031,715,31.0,119.16666666666667,8.651748251748252
Shivam Mavi,958,687,30.0,114.5,8.366812227074236
CR Woakes,674,463,30.0,77.16666666666667,8.734341252699783
CJ Jordan,1111,717,30.0,119.5,9.297071129707113
Azhar Mahmood,707,552,29.0,92.0,7.684782608695652
A Zampa,562,425,29.0,70.83333333333333,7.934117647058824
AB Agarkar,1174,820,29.0,136.66666666666666,8.590243902439026
Umran Malik,785,519,29.0,86.5,9.07514450867052
DL Vettori,894,785,28.0,130.83333333333334,6.83312101910828
DP Nannes,815,689,28.0,114.83333333333333,7.097242380261249
PV Tambe,866,674,28.0,112.33333333333333,7.70919881305638
A Singh,639,486,28.0,81.0,7.888888888888889
BA Stokes,1023,723,28.0,120.5,8.489626556016598
Yash Dayal,933,615,28.0,102.5,9.102439024390243
MF Maharoof,532,441,27.0,73.5,7.238095238095238
Harmeet Singh,747,574,27.0,95.66666666666667,7.808362369337979
AD Mathews,1095,807,27.0,134.5,8.141263940520446
Mohsin Khan,698,507,27.0,84.5,8.2603550295858
DR Smith,825,557,26.0,92.83333333333333,8.88689407540395
J Botha,818,709,25.0,118.16666666666667,6.922425952045134
SK Raina,1139,930,25.0,155.0,7.348387096774194
B Lee,1126,916,25.0,152.66666666666666,7.3755458515283845
M Theekshana,814,631,25.0,105.16666666666667,7.740095087163232
Harpreet Brar,907,692,25.0,115.33333333333333,7.864161849710983
R Dhawan,922,693,25.0,115.5,7.982683982683983
L Ngidi,460,342,25.0,57.0,8.070175438596491
Harshit Rana,590,403,25.0,67.16666666666667,8.784119106699752
Naveen-ul-Haq,602,407,25.0,67.83333333333333,8.874692874692876
Mukesh Kumar,707,420,25.0,70.0,10.1
Noor Ahmad,672,513,24.0,85.5,7.859649122807017
Navdeep Saini,968,682,24.0,113.66666666666667,8.516129032258064
AS Rajpoot,844,567,24.0,94.5,8.931216931216932
Yash Thakur,702,432,24.0,72.0,9.75
JP Duminy,847,701,23.0,116.83333333333333,7.249643366619116
SW Tait,668,534,23.0,89.0,7.50561797752809
GB Hogg,585,466,23.0,77.66666666666667,7.532188841201716
Sohail Tanvir,275,265,22.0,44.166666666666664,6.226415094339623
STR Binny,763,611,22.0,101.83333333333333,7.4926350245499185
BW Hilfenhaus,497,390,22.0,65.0,7.6461538461538465
Basil Thampi,862,539,22.0,89.83333333333333,9.595547309833025
RE van der Merwe,515,455,21.0,75.83333333333333,6.791208791208792
K Gowtham,825,599,21.0,99.83333333333333,8.263772954924875
VY Mahesh,511,359,21.0,59.833333333333336,8.540389972144846
Shahbaz Ahmed,850,549,21.0,91.5,9.289617486338798
AS Joseph,707,454,21.0,75.66666666666667,9.343612334801762
A Symonds,694,540,20.0,90.0,7.711111111111111
C Sakariya,610,460,20.0,76.66666666666667,7.956521739130435
M Jansen,732,487,20.0,81.16666666666667,9.018480492813142
Akash Madhwal,431,279,20.0,46.5,9.268817204301076
AD Mascarenhas,365,310,19.0,51.666666666666664,7.064516129032258
Mujeeb Ur Rahman,598,452,19.0,75.33333333333333,7.938053097345133
KW Richardson,479,345,19.0,57.5,8.330434782608696
J Suchith,604,434,19.0,72.33333333333333,8.350230414746544
VG Arora,598,418,19.0,69.66666666666667,8.583732057416267
JP Behrendorff,563,379,19.0,63.166666666666664,8.91292875989446
RP Meredith,621,415,19.0,69.16666666666667,8.978313253012047
WPUJC Vaas,364,288,18.0,48.0,7.583333333333333
CH Gayle,755,584,18.0,97.33333333333333,7.756849315068494
IC Pandey,609,469,18.0,78.16666666666667,7.791044776119403
NT Ellis,514,365,18.0,60.833333333333336,8.449315068493151
Anureet Singh,636,430,18.0,71.66666666666667,8.874418604651162
A Ashish Reddy,400,270,18.0,45.0,8.88888888888889
BB Sran,767,516,18.0,86.0,8.918604651162791
CRD Fernando,306,249,17.0,41.5,7.373493975903615
BJ Hodge,310,238,17.0,39.666666666666664,7.815126050420169
Bipul Sharma,581,436,17.0,72.66666666666667,7.9954128440366965
R Rampaul,319,278,16.0,46.333333333333336,6.884892086330935
D Wiese,447,307,16.0,51.166666666666664,8.736156351791532
C Green,675,462,16.0,77.0,8.766233766233766
Mukesh Choudhary,452,298,16.0,49.666666666666664,9.100671140939598
MJ Santner,428,370,15.0,61.666666666666664,6.940540540540541
Mohammad Nabi,527,419,15.0,69.83333333333333,7.5465393794749405
RG Sharma,462,349,15.0,58.166666666666664,7.9426934097421205
YA Abdulla,311,222,15.0,37.0,8.405405405405405
LR Shukla,458,326,15.0,54.333333333333336,8.429447852760736
Kartik Tyagi,720,458,15.0,76.33333333333333,9.43231441048035
AC Thomas,416,327,14.0,54.5,7.63302752293578
DR Sams,528,389,14.0,64.83333333333333,8.143958868894602
SJ Srivastava,444,306,14.0,51.0,8.705882352941176
JR Hopes,562,369,14.0,61.5,9.138211382113822
KR Sen,396,255,14.0,42.5,9.31764705882353
CK Langeveldt,199,165,13.0,27.5,7.236363636363636
RR Powar,538,443,13.0,73.83333333333333,7.286681715575622
ST Jayasuriya,396,301,13.0,50.166666666666664,7.893687707641196
R Sai Kishore,259,191,13.0,31.833333333333332,8.136125654450263
S Lamichhane,297,211,13.0,35.166666666666664,8.445497630331754
CR Brathwaite,384,266,13.0,44.333333333333336,8.661654135338345
Vijaykumar Vyshak,396,243,13.0,40.5,9.777777777777779
G Coetzee,357,216,13.0,36.0,9.916666666666666
TK Curran,432,252,13.0,42.0,10.285714285714286
GD McGrath,366,329,12.0,54.833333333333336,6.674772036474164
Ankit Sharma,453,375,12.0,62.5,7.248
Umar Gul,198,153,12.0,25.5,7.764705882352941
BA Bhatt,408,303,12.0,50.5,8.07920792079208
AN Ahmed,515,362,12.0,60.333333333333336,8.535911602209945
VRV Singh,549,371,12.0,61.833333333333336,8.878706199460916
R McLaren,558,372,12.0,62.0,9.0
Karanveer Singh,323,213,12.0,35.5,9.098591549295774
Joginder Sharma,421,272,12.0,45.333333333333336,9.286764705882353
A Chandila,245,234,11.0,39.0,6.282051282051282
SM Pollock,307,280,11.0,46.666666666666664,6.578571428571429
S Badree,329,263,11.0,43.833333333333336,7.505703422053232
J Theron,311,235,11.0,39.166666666666664,7.940425531914894
AB McDonald,263,188,11.0,31.333333333333332,8.393617021276595
RS Bopara,301,213,11.0,35.5,8.47887323943662
OC McCoy,255,180,11.0,30.0,8.5
Abhishek Sharma,396,278,11.0,46.333333333333336,8.546762589928058
J Little,341,236,11.0,39.333333333333336,8.669491525423728
JL Pattinson,321,222,11.0,37.0,8.675675675675675
DJG Sammy,354,244,11.0,40.666666666666664,8.704918032786885
LS Livingstone,395,267,11.0,44.5,8.876404494382022
MA Wood,192,127,11.0,21.166666666666668,9.070866141732283
Pankaj Singh,472,311,11.0,51.833333333333336,9.106109324758842
TS Mills,349,218,11.0,36.333333333333336,9.605504587155963
CJ Anderson,525,315,11.0,52.5,10.0
SC Ganguly,370,280,10.0,46.666666666666664,7.928571428571429
N Rana,253,185,10.0,30.833333333333332,8.205405405405406
K Kartikeya,334,241,10.0,40.166666666666664,8.315352697095436
DJ Hooda,535,384,10.0,64.0,8.359375
Kamran Khan,248,177,10.0,29.5,8.40677966101695
V Pratap Singh,300,211,10.0,35.166666666666664,8.530805687203792
Suyash Sharma,381,264,10.0,44.0,8.659090909090908
Lalit Yadav,430,294,10.0,49.0,8.775510204081632
BCJ Cutting,430,288,10.0,48.0,8.958333333333334
B Laughlin,284,179,10.0,29.833333333333332,9.5195530726257
SMSM Senanayake,211,195,9.0,32.5,6.492307692307692
IS Sodhi,204,182,9.0,30.333333333333332,6.725274725274725
SE Bond,225,191,9.0,31.833333333333332,7.068062827225131
AG Murtaza,322,269,9.0,44.833333333333336,7.182156133828996
Shahid Afridi,237,185,9.0,30.833333333333332,7.686486486486487
MN Samuels,285,219,9.0,36.5,7.808219178082192
KP Appanna,291,222,9.0,37.0,7.864864864864865
KMA Paul,239,180,9.0,30.0,7.966666666666667
V Shankar,344,258,9.0,43.0,8.0
AM Nayar,323,239,9.0,39.833333333333336,8.10878661087866
Simarjeet Singh,265,193,9.0,32.166666666666664,8.238341968911918
P Parameswaran,226,159,9.0,26.5,8.528301886792454
JEC Franklin,225,155,9.0,25.833333333333332,8.70967741935484
JDP Oram,362,244,9.0,40.666666666666664,8.901639344262296
PVD Chameera,442,297,9.0,49.5,8.929292929292929
KA Jamieson,271,179,9.0,29.833333333333332,9.083798882681565
BE Hendricks,239,157,9.0,26.166666666666668,9.13375796178344
Rasikh Salam,341,207,9.0,34.5,9.884057971014492
J Yadav,447,398,8.0,66.33333333333333,6.738693467336684
T Thushara,164,144,8.0,24.0,6.833333333333333
BAW Mendis,306,248,8.0,41.333333333333336,7.403225806451612
SB Styris,278,222,8.0,37.0,7.513513513513513
Anand Rajan,206,162,8.0,27.0,7.62962962962963
JD Ryder,314,241,8.0,40.166666666666664,7.817427385892117
AA Chavan,339,255,8.0,42.5,7.976470588235294
J Syed Mohammad,286,196,8.0,32.666666666666664,8.755102040816327
S Sandeep Warrier,257,176,8.0,29.333333333333332,8.761363636363637
DJ Hussey,485,323,8.0,53.833333333333336,9.009287925696594
N Thushara,259,172,8.0,28.666666666666668,9.034883720930232
JDS Neesham,342,222,8.0,37.0,9.243243243243244
Mohammad Asif,307,199,8.0,33.166666666666664,9.256281407035177
KC Cariappa,349,224,8.0,37.333333333333336,9.348214285714285
I Udana,286,182,8.0,30.333333333333332,9.428571428571429
MP Yadav,88,76,7.0,12.666666666666666,6.947368421052632
M Ntini,257,213,7.0,35.5,7.23943661971831
KP Pietersen,218,180,7.0,30.0,7.266666666666667
AM Salvi,205,156,7.0,26.0,7.884615384615385
B Stanlake,200,150,7.0,25.0,8.0
PC Valthaty,207,153,7.0,25.5,8.117647058823529
HF Gurney,239,169,7.0,28.166666666666668,8.485207100591715
N Burger,152,105,7.0,17.5,8.685714285714285
Swapnil Singh,241,165,7.0,27.5,8.763636363636364
A Mithun,477,312,7.0,52.0,9.173076923076923
AF Milne,339,217,7.0,36.166666666666664,9.373271889400922
GC Viljoen,229,146,7.0,24.333333333333332,9.41095890410959
KM Asif,232,143,7.0,23.833333333333332,9.734265734265735
P Amarnath,241,132,7.0,22.0,10.954545454545455
Akash Deep,324,175,7.0,29.166666666666668,11.108571428571429
S Randiv,223,180,6.0,30.0,7.433333333333334
DJ Willey,277,221,6.0,36.833333333333336,7.520361990950226
VS Malik,268,212,6.0,35.333333333333336,7.584905660377358
B Akhil,246,193,6.0,32.166666666666664,7.647668393782384
TL Suman,198,152,6.0,25.333333333333332,7.815789473684211
SS Cottrell,177,131,6.0,21.833333333333332,8.106870229007635
JE Taylor,167,122,6.0,20.333333333333332,8.213114754098362
S Tyagi,304,220,6.0,36.666666666666664,8.290909090909091
C de Grandhomme,323,230,6.0,38.333333333333336,8.426086956521738
Fazalhaq Farooqi,229,162,6.0,27.0,8.481481481481481
Ramandeep Singh,64,45,6.0,7.5,8.533333333333333
MG Bracewell,95,66,6.0,11.0,8.636363636363637
S Kaushik,304,210,6.0,35.0,8.685714285714285
D Pretorius,242,166,6.0,27.666666666666668,8.74698795180723
RR Raje,214,144,6.0,24.0,8.916666666666666
Y Venugopal Rao,338,222,6.0,37.0,9.135135135135135
Jaskaran Singh,174,111,6.0,18.5,9.405405405405405
DG Nalkande,150,89,6.0,14.833333333333334,10.112359550561797
V Sehwag,236,138,6.0,23.0,10.26086956521739
Arshad Khan,282,153,6.0,25.5,11.058823529411764
OF Smith,179,95,6.0,15.833333333333334,11.305263157894736
FH Edwards,160,150,5.0,25.0,6.4
PD Collingwood,101,90,5.0,15.0,6.733333333333333
KMDN Kulasekara,122,107,5.0,17.833333333333332,6.841121495327103
Shoaib Akhtar,54,46,5.0,7.666666666666667,7.0434782608695645
Gurkeerat Singh,97,82,5.0,13.666666666666666,7.097560975609756
A Choudhary,144,108,5.0,18.0,8.0
TM Dilshan,368,275,5.0,45.833333333333336,8.02909090909091
RV Gomez,130,97,5.0,16.166666666666668,8.041237113402062
AS Roy,191,142,5.0,23.666666666666668,8.070422535211268
O Thomas,85,63,5.0,10.5,8.095238095238095
SB Wagh,147,108,5.0,18.0,8.166666666666666
M de Lange,171,116,5.0,19.333333333333332,8.844827586206897
Shoaib Ahmed,154,103,5.0,17.166666666666668,8.970873786407767
HR Shokeen,320,213,5.0,35.5,9.014084507042254
KL Nagarkoti,287,185,5.0,30.833333333333332,9.308108108108108
AP Dole,114,73,5.0,12.166666666666666,9.36986301369863
S Ladda,225,141,5.0,23.5,9.574468085106384
Akash Singh,227,141,5.0,23.5,9.659574468085106
S Dube,190,117,5.0,19.5,9.743589743589743
R Shukla,217,130,5.0,21.666666666666668,10.015384615384615
RJW Topley,182,107,5.0,17.833333333333332,10.205607476635514
K Khejroliya,221,129,5.0,21.5,10.279069767441861
S Narwal,203,113,5.0,18.833333333333332,10.778761061946904
T Stubbs,29,25,4.0,4.166666666666667,6.959999999999999
DJ Muthuswami,108,84,4.0,14.0,7.714285714285714
DP Vijaykumar,205,159,4.0,26.5,7.735849056603773
D du Preez,56,43,4.0,7.166666666666667,7.813953488372093
WA Mota,98,75,4.0,12.5,7.84
Parvez Rasool,273,200,4.0,33.333333333333336,8.19
V Kohli,371,264,4.0,44.0,8.431818181818182
SB Bangar,221,153,4.0,25.5,8.666666666666666
Shivam Sharma,165,114,4.0,19.0,8.68421052631579
S Dhawan,72,49,4.0,8.166666666666666,8.816326530612246
LE Plunkett,228,154,4.0,25.666666666666668,8.883116883116882
Azmatullah Omarzai,194,131,4.0,21.833333333333332,8.885496183206108
SH Johnson,155,99,4.0,16.5,9.393939393939394
Yudhvir Singh,125,74,4.0,12.333333333333334,10.135135135135135
R Parag,307,181,4.0,30.166666666666668,10.176795580110497
Y Nagar,125,72,4.0,12.0,10.416666666666666
R Shepherd,260,133,4.0,22.166666666666668,11.729323308270676
DJ Thornely,40,44,3.0,7.333333333333333,5.454545454545455
JW Hastings,66,61,3.0,10.166666666666666,6.491803278688525
SM Harwood,74,67,3.0,11.166666666666666,6.6268656716417915
JM Kemp,58,47,3.0,7.833333333333333,7.404255319148937
AL Menaria,144,113,3.0,18.833333333333332,7.646017699115045
DAJ Bracewell,32,25,3.0,4.166666666666667,7.68
RS Hangargekar,60,43,3.0,7.166666666666667,8.372093023255813
GHS Garton,136,97,3.0,16.166666666666668,8.412371134020617
Arjun Tendulkar,117,83,3.0,13.833333333333334,8.457831325301205
P Sahu,152,107,3.0,17.833333333333332,8.52336448598131
RJ Peterson,70,48,3.0,8.0,8.75
T Shamsi,185,120,3.0,20.0,9.25
R Sathish,233,144,3.0,24.0,9.708333333333334
Sikandar Raza,146,88,3.0,14.666666666666666,9.954545454545455
L Ablish,76,45,3.0,7.5,10.133333333333333
Gagandeep Singh,142,84,3.0,14.0,10.142857142857142
JA Richardson,162,94,3.0,15.666666666666666,10.340425531914894
VR Iyer,145,84,3.0,14.0,10.357142857142858
Nithish Kumar Reddy,208,118,3.0,19.666666666666668,10.576271186440678
JJ van der Wath,134,76,3.0,12.666666666666666,10.578947368421053
K Santokie,91,51,3.0,8.5,10.705882352941176
R Ninan,65,36,3.0,6.0,10.833333333333334
Sachin Baby,8,10,2.0,1.6666666666666667,4.8
KA Maharaj,39,36,2.0,6.0,6.5
PH Solanki,39,36,2.0,6.0,6.5
MJ Clarke,72,66,2.0,11.0,6.545454545454546
Mohammad Hafeez,71,63,2.0,10.5,6.761904761904762
RN ten Doeschate,94,83,2.0,13.833333333333334,6.795180722891566
C Nanda,58,50,2.0,8.333333333333334,6.959999999999999
GD Phillips,40,31,2.0,5.166666666666667,7.741935483870967
Ankit Soni,145,112,2.0,18.666666666666668,7.767857142857142
SM Boland,56,43,2.0,7.166666666666667,7.813953488372093
ND Doshi,79,57,2.0,9.5,8.31578947368421
AK Markram,173,123,2.0,20.5,8.439024390243903
SC Kuggeleijn,71,50,2.0,8.333333333333334,8.52
P Suyal,154,107,2.0,17.833333333333332,8.63551401869159
DNT Zoysa,100,69,2.0,11.5,8.695652173913043
A Badoni,37,25,2.0,4.166666666666667,8.879999999999999
Mayank Dagar,205,138,2.0,23.0,8.91304347826087
FA Allen,136,91,2.0,15.166666666666666,8.967032967032967
Shoaib Malik,87,58,2.0,9.666666666666666,9.0
V Kaverappa,36,24,2.0,4.0,9.0
AU Rashid,91,60,2.0,10.0,9.1
K Yadav,85,54,2.0,9.0,9.444444444444445
A Flintoff,106,66,2.0,11.0,9.636363636363637
SD Chitnis,62,38,2.0,6.333333333333333,9.789473684210527
LJ Wright,125,75,2.0,12.5,10.0
A Kamboj,115,68,2.0,11.333333333333334,10.147058823529411
MA Khote,52,30,2.0,5.0,10.4
MJ Henry,183,105,2.0,17.5,10.457142857142857
D Kalyankrishna,88,50,2.0,8.333333333333334,10.559999999999999
A Uniyal,67,38,2.0,6.333333333333333,10.578947368421053
KJ Abbott,182,102,2.0,17.0,10.705882352941176
WG Jacks,100,55,2.0,9.166666666666666,10.90909090909091
TM Head,113,58,2.0,9.666666666666666,11.689655172413794
JPR Scantlebury-Searles,89,45,2.0,7.5,11.866666666666667
Abdul Samad,113,55,2.0,9.166666666666666,12.327272727272728
AC Gilchrist,0,1,1.0,0.16666666666666666,0.0
NB Singh,18,25,1.0,4.166666666666667,4.319999999999999
AM Rahane,5,6,1.0,1.0,5.0
LA Carseldine,6,7,1.0,1.1666666666666667,5.142857142857142
SS Mundhe,6,7,1.0,1.1666666666666667,5.142857142857142
GH Vihari,48,43,1.0,7.166666666666667,6.697674418604651
T Henderson,41,36,1.0,6.0,6.833333333333333
GR Napier,28,24,1.0,4.0,7.0
BMAJ Mendis,36,30,1.0,5.0,7.2
M Siddharth,72,58,1.0,9.666666666666666,7.448275862068966
DJM Short,23,18,1.0,3.0,7.666666666666667
SE Rutherford,60,46,1.0,7.666666666666667,7.826086956521739
Shashank Singh,25,19,1.0,3.1666666666666665,7.894736842105264
MK Lomror,127,94,1.0,15.666666666666666,8.106382978723405
PM Sarvesh Kumar,42,31,1.0,5.166666666666667,8.129032258064516
P Dubey,91,67,1.0,11.166666666666666,8.149253731343284
SS Sarkar,34,25,1.0,4.166666666666667,8.16
SSB Magala,52,37,1.0,6.166666666666667,8.432432432432432
RJ Gleeson,72,51,1.0,8.5,8.470588235294118
CJ McKay,60,42,1.0,7.0,8.571428571428571
AA Jhunjhunwala,130,88,1.0,14.666666666666666,8.863636363636363
SB Joshi,82,55,1.0,9.166666666666666,8.945454545454545
V Viyaskanth,90,60,1.0,10.0,9.0
AJ Finch,67,44,1.0,7.333333333333333,9.136363636363637
DB Ravi Teja,28,18,1.0,3.0,9.333333333333334
D Salunkhe,80,51,1.0,8.5,9.411764705882353
IC Porel,42,26,1.0,4.333333333333333,9.692307692307693
AA Noffke,41,25,1.0,4.166666666666667,9.84
R Powell,35,21,1.0,3.5,10.0
LI Meriwala,32,19,1.0,3.1666666666666665,10.105263157894738
S Vidyut,22,13,1.0,2.1666666666666665,10.153846153846155
RG More,63,37,1.0,6.166666666666667,10.216216216216216
AJ Hosein,41,24,1.0,4.0,10.25
A Nel,31,18,1.0,3.0,10.333333333333334
Y Prithvi Raj,57,33,1.0,5.5,10.363636363636363
SS Agarwal,42,24,1.0,4.0,10.5
LB Williams,74,42,1.0,7.0,10.571428571428571
SA Abbott,104,59,1.0,9.833333333333334,10.576271186440678
GS Sandhu,86,48,1.0,8.0,10.75
MK Tiwary,83,45,1.0,7.5,11.066666666666666
TP Sudhindra,137,74,1.0,12.333333333333334,11.108108108108107
B Geeves,91,49,1.0,8.166666666666666,11.142857142857144
CL White,86,46,1.0,7.666666666666667,11.217391304347826
LMP Simmons,34,18,1.0,3.0,11.333333333333334
D Jansen,53,28,1.0,4.666666666666667,11.357142857142856
DJ Mitchell,97,51,1.0,8.5,11.411764705882353
KT Maphaka,90,39,1.0,6.5,13.846153846153847
L Wood,94,38,1.0,6.333333333333333,14.842105263157896
D Brevis,8,3,1.0,0.5,16.0
R Ravindra,7,12,0.0,2.0,3.5
DA Warner,2,2,0.0,0.3333333333333333,6.0
M Manhas,42,42,0.0,7.0,6.0
MW Short,25,25,0.0,4.166666666666667,6.0
N Wadhera,13,12,0.0,2.0,6.5
RV Patel,22,20,0.0,3.3333333333333335,6.6
NJ Rimmington,20,18,0.0,3.0,6.666666666666667
S Rana,18,16,0.0,2.6666666666666665,6.75
NL McCullum,35,30,0.0,5.0,7.0
SS Iyer,7,6,0.0,1.0,7.0
Y Gnaneswara Rao,7,6,0.0,1.0,7.0
Tilak Varma,28,23,0.0,3.8333333333333335,7.304347826086956
C Munro,15,12,0.0,2.0,7.5
JE Root,15,12,0.0,2.0,7.5
Monu Kumar,20,16,0.0,2.6666666666666665,7.5
KR Mayers,59,46,0.0,7.666666666666667,7.695652173913043
M Vijay,49,37,0.0,6.166666666666667,7.945945945945946
M Shahrukh Khan,16,12,0.0,2.0,8.0
RS Gavaskar,8,6,0.0,1.0,8.0
SA Yadav,8,6,0.0,1.0,8.0
AC Voges,76,56,0.0,9.333333333333334,8.142857142857142
K Goel,94,67,0.0,11.166666666666666,8.417910447761194
CJ Green,24,17,0.0,2.8333333333333335,8.470588235294118
R Goyal,34,24,0.0,4.0,8.5
DJ Harris,26,18,0.0,3.0,8.666666666666666
K Upadhyay,81,56,0.0,9.333333333333334,8.678571428571429
AS Raut,45,30,0.0,5.0,9.0
Jalaj S Saxena,27,18,0.0,3.0,9.0
AUK Pathan,63,41,0.0,6.833333333333333,9.219512195121952
KAJ Roach,80,52,0.0,8.666666666666666,9.230769230769232
Tejas Baroka,33,21,0.0,3.5,9.428571428571429
SR Tendulkar,59,37,0.0,6.166666666666667,9.567567567567567
AA Kazi,21,13,0.0,2.1666666666666665,9.692307692307693
R Sanjay Yadav,23,14,0.0,2.3333333333333335,9.857142857142856
FY Fazal,20,12,0.0,2.0,10.0
S Joseph,51,30,0.0,5.0,10.2
BJ Rohrer,12,7,0.0,1.1666666666666667,10.285714285714285
KS Williamson,31,18,0.0,3.0,10.333333333333334
SZ Mulani,57,33,0.0,5.5,10.363636363636363
Sumit Kumar,38,22,0.0,3.6666666666666665,10.363636363636363
MB Parmar,33,19,0.0,3.1666666666666665,10.421052631578949
Vivrant Sharma,37,21,0.0,3.5,10.571428571428571
CJ Dala,34,19,0.0,3.1666666666666665,10.736842105263158
RA Shaikh,11,6,0.0,1.0,11.0
RW Price,33,18,0.0,3.0,11.0
LRPL Taylor,24,13,0.0,2.1666666666666665,11.076923076923078
A Dananjaya,47,25,0.0,4.166666666666667,11.28
Naman Dhir,55,29,0.0,4.833333333333333,11.379310344827587
VS Yeligati,61,32,0.0,5.333333333333333,11.4375
Arshad Khan (2),25,13,0.0,2.1666666666666665,11.53846153846154
Gulbadin Naib,12,6,0.0,1.0,12.0
Gurnoor Brar,42,21,0.0,3.5,12.0
RA Tripathi,12,6,0.0,1.0,12.0
RR Bose,24,12,0.0,2.0,12.0
H Sharma,62,30,0.0,5.0,12.4
Abdur Razzak,29,14,0.0,2.3333333333333335,12.428571428571427
Mashrafe Mortaza,59,28,0.0,4.666666666666667,12.642857142857142
Aman Hakim Khan,13,6,0.0,1.0,13.0
C Ganapathy,13,6,0.0,1.0,13.0
MJ Suthar,26,12,0.0,2.0,13.0
Mandeep Singh,26,12,0.0,2.0,13.0
S Midhun,29,13,0.0,2.1666666666666665,13.384615384615385
NA Saini,35,15,0.0,2.5,14.0
P Ray Barman,56,24,0.0,4.0,14.0
Mohit Rathee,29,12,0.0,2.0,14.5
Sunny Gupta,47,19,0.0,3.1666666666666665,14.842105263157896
MG Neser,62,25,0.0,4.166666666666667,14.879999999999999
SPD Smith,5,2,0.0,0.3333333333333333,15.0
F du Plessis,16,6,0.0,1.0,16.0
S Sriram,49,18,0.0,3.0,16.333333333333332
CK Kapugedera,49,17,0.0,2.8333333333333335,17.294117647058822
RR Bhatkal,35,12,0.0,2.0,17.5
P Prasanth,18,6,0.0,1.0,18.0
SN Khan,6,2,0.0,0.3333333333333333,18.0
B Chipli,20,6,0.0,1.0,20.0
LPC Silva,21,6,0.0,1.0,21.0
I Malhotra,23,6,0.0,1.0,23.0
Atharva Taide,4,1,0.0,0.16666666666666666,24.0
YBK Jaiswal,6,1,0.0,0.16666666666666666,36.0
